<?xml version="1.0" encoding="UTF-8"?>
<launch>
  <!-- Essential parameters -->
  <arg name="map_path" description="point cloud and lanelet2 map directory path"/>
  <arg name="vehicle_model" description="vehicle model name"/>
  <arg name="sensor_model" description="sensor model name"/>
  <arg name="use_pointcloud_container" default="true" description="launch pointcloud container"/>
  <arg name="pointcloud_container_name" default="pointcloud_container"/>
  <arg name="data_path" default="$(env HOME)/autoware_data" description="packages data and artifacts directory path"/>

  <!-- Optional parameters -->
  <!-- Modules to be launched -->
  <arg name="launch_mqtt" default="true" description="launch mqtt"/>
  <arg name="launch_can" default="true" description="launch can"/>
  <arg name="launch_vehicle" default="true" description="launch vehicle"/>
  <arg name="launch_system" default="true" description="launch system"/>
  <arg name="launch_map" default="true" description="launch map"/>
  <arg name="launch_sensing" default="true" description="launch sensing"/>
  <arg name="launch_sensing_driver" default="true" description="launch sensing driver"/>
  <arg name="launch_localization" default="true" description="launch localization"/>
  <arg name="launch_perception" default="true" description="launch perception"/>
  <arg name="launch_planning" default="true" description="launch planning"/>
  <arg name="launch_control" default="true" description="launch control"/>
  <!-- Global parameters -->
  <arg name="use_sim_time" default="false" description="use_sim_time"/>
  <!-- Vehicle -->
  <arg name="vehicle_id" default="$(env VEHICLE_ID default)" description="vehicle specific ID"/>
  <arg name="launch_vehicle_interface" default="true" description="launch vehicle interface"/>
  <!-- Control -->
  <arg name="check_external_emergency_heartbeat" default="false"/>
  <!-- Map -->
  <arg name="lanelet2_map_file" default="lanelet2_map.osm" description="lanelet2 map file name"/>
  <arg name="pointcloud_map_file" default="pointcloud_map.pcd" description="pointcloud map file name"/>
  <!-- System -->
  <arg name="system_run_mode" default="online" description="run mode in system"/>
  <arg name="launch_system_monitor" default="true" description="launch system monitor"/>
  <arg name="launch_dummy_diag_publisher" default="false" description="launch dummy diag publisher"/>
  <arg name="system_error_monitor_param_path" default="$(find-pkg-share autoware_erga_launch)/config/system/system_error_monitor/system_error_monitor.param.yaml"/>
  <!-- Tools -->
  <arg name="rviz" default="true" description="launch rviz"/>
  <arg name="rviz_config" default="$(find-pkg-share autoware_erga_launch)/rviz/autoware.rviz" description="rviz config"/>
  <arg name="rviz_respawn" default="true"/>
  <!-- Perception -->
  <arg name="perception_mode" default="lidar_mobileye" description="select perception mode. camera_lidar_radar_fusion, camera_lidar_fusion, lidar_radar_fusion, lidar, radar"/>
  <arg name="traffic_light_recognition/enable_fine_detection" default="True" description="enable traffic light fine detection"/>
  <arg name="use_traffic_light_recognition" default="true"/>
  <arg name="use_traffic_light_yolov5_detector" default="true" description="set false if unuse traffic_light_yolov5_detector"/>
  <arg name="use_nshinjuku_traffic_signal" default="true"/>
  <arg name="enable_traffic_light_fine_detector_classifier" default="false"/>
  <arg name="enable_occlusion_predictor" default="false"/>
  <arg name="enable_traffic_signal_safety_guard" default="true"/>
  <arg name="use_crosswalk_traffic_light_estimator" default="false"/>
  <arg name="traffic_light_image_number" default="2"/>

  <!-- Global parameters -->
  <group scoped="false">
    <include file="$(find-pkg-share global_parameter_loader)/launch/global_params.launch.py">
      <arg name="use_sim_time" value="$(var use_sim_time)"/>
      <arg name="vehicle_model" value="$(var vehicle_model)"/>
    </include>
  </group>

  <!-- Can -->
  <group if="$(var launch_can)">
    <include file="$(find-pkg-share autoware_erga_launch)/launch/components/can.launch.xml"/>
  </group>

  <!-- MQTT -->
  <group if="$(var launch_mqtt)">
    <include file="$(find-pkg-share autoware_erga_launch)/launch/components/mqtt.launch.xml"/>
  </group>

  <!-- Pointcloud container -->
  <group if="$(var use_pointcloud_container)">
    <include file="$(find-pkg-share autoware_erga_launch)/launch/pointcloud_container.launch.py">
      <arg name="use_multithread" value="true"/>
      <arg name="container_name" value="$(var pointcloud_container_name)"/>
    </include>
  </group>

  <!-- Vehicle -->
  <group if="$(var launch_vehicle)">
    <include file="$(find-pkg-share tier4_vehicle_launch)/launch/vehicle.launch.xml">
      <arg name="vehicle_model" value="$(var vehicle_model)"/>
      <arg name="sensor_model" value="$(var sensor_model)"/>
      <arg name="vehicle_id" value="$(var vehicle_id)"/>
      <arg name="launch_vehicle_interface" value="$(var launch_vehicle_interface)"/>
      <arg name="config_dir" value="$(find-pkg-share individual_params)/config/$(var vehicle_id)/$(var sensor_model)"/>
    </include>
  </group>

  <!-- System -->
  <group if="$(var launch_system)">
    <include file="$(find-pkg-share autoware_erga_launch)/launch/components/tier4_system_component.launch.xml"/>
  </group>

  <!-- Map -->
  <group if="$(var launch_map)">
    <include file="$(find-pkg-share autoware_erga_launch)/launch/components/tier4_map_component.launch.xml"/>
  </group>

  <!-- Sensing -->
  <group if="$(var launch_sensing)">
    <include file="$(find-pkg-share autoware_erga_launch)/launch/components/tier4_sensing_component.launch.xml"/>
  </group>

  <!-- Localization -->
  <group if="$(var launch_localization)">
    <include file="$(find-pkg-share autoware_erga_launch)/launch/components/tier4_localization_component.launch.xml"/>
  </group>

  <!-- Perception -->
  <group if="$(var launch_perception)">
    <include file="$(find-pkg-share autoware_erga_launch)/launch/components/tier4_perception_component.launch.xml">
      <arg name="data_path" value="$(var data_path)"/>
      <arg name="perception_mode" value="$(var perception_mode)"/>
      <arg name="use_empty_dynamic_object_publisher" value="false"/>
    </include>
  </group>

  <!-- Planning -->
  <group if="$(var launch_planning)">
    <include file="$(find-pkg-share autoware_erga_launch)/launch/components/tier4_planning_component.launch.xml"/>
  </group>

  <!-- Control -->
  <group if="$(var launch_control)">
    <include file="$(find-pkg-share autoware_erga_launch)/launch/components/tier4_control_component.launch.xml"/>
  </group>

  <!-- API -->
  <group>
    <include file="$(find-pkg-share autoware_erga_launch)/launch/components/tier4_autoware_api_component.launch.xml"/>
  </group>

  <group>
    <include file="$(find-pkg-share tier4_debug_tools)/launch/lateral_error_publisher.launch.xml"/>
  </group>

  <!-- Tools -->
  <group>
    <node
      pkg="rviz2"
      exec="rviz2"
      name="rviz2"
      output="screen"
      args="-d $(var rviz_config) -s $(find-pkg-share autoware_erga_launch)/rviz/image/autoware.png"
      if="$(var rviz)"
      respawn="$(var rviz_respawn)"
    />
  </group>

  <!-- rosbridge_suite -->
  <!-- 2023/10/25 16:14 Added by Yuugo Takano -->
  <group>
    <include file="$(find-pkg-share rosbridge_server)/launch/rosbridge_websocket_launch.xml"/>
  </group>
</launch>
