<?xml version="1.0" encoding="UTF-8"?>
<launch>
  <!-- Essential parameters -->
  <arg name="map_path" description="point cloud and lanelet2 map directory path"/>
  <arg name="vehicle_model" description="vehicle model name"/>
  <arg name="sensor_model" description="sensor model name"/>
  <arg name="vehicle_id" default="$(env VEHICLE_ID default)" description="vehicle specific ID"/>
  <arg name="data_path" default="$(env HOME)/autoware_data" description="packages data and artifacts directory path"/>

  <!-- Optional parameters -->
  <!-- Modules to be launched -->
  <arg name="mqtt" default="false" description="launch mqtt"/>
  <arg name="can" default="false" description="launch vehicle"/>
  <arg name="vehicle" default="true" description="launch vehicle"/>
  <arg name="system" default="true" description="launch system"/>
  <arg name="map" default="true" description="launch map"/>
  <arg name="sensing" default="true" description="launch sensing"/>
  <arg name="localization" default="true" description="launch localization"/>
  <arg name="perception" default="true" description="launch perception"/>
  <arg name="planning" default="true" description="launch planning"/>
  <arg name="control" default="false" description="launch control"/>
  <!-- Pointcloud container -->
  <arg name="use_pointcloud_container" default="true" description="launch pointcloud container"/>
  <arg name="pointcloud_container_name" default="pointcloud_container"/>
  <!-- Vehicle -->
  <arg name="launch_vehicle_interface" default="false"/>
  <!-- Map -->
  <arg name="lanelet2_map_file" default="lanelet2_map.osm" description="lanelet2 map file name"/>
  <arg name="pointcloud_map_file" default="pointcloud_map.pcd" description="pointcloud map file name"/>
  <!-- System -->
  <arg name="launch_system_monitor" default="false" description="launch system monitor"/>
  <arg name="launch_dummy_diag_publisher" default="false" description="launch dummy diag publisher"/>
  <!-- Tools -->
  <arg name="rviz" default="true" description="launch rviz"/>
  <!-- Scenario simulation -->
  <arg name="scenario_simulation" default="false" description="use scenario simulation"/>

  <group scoped="false">
    <include file="$(find-pkg-share autoware_erga_launch)/launch/autoware.launch.xml">
      <!-- Common -->
      <arg name="map_path" value="$(var map_path)"/>
      <arg name="vehicle_model" value="$(var vehicle_model)"/>
      <arg name="sensor_model" value="$(var sensor_model)"/>
      <!-- Modules to be launched -->
      <arg name="launch_mqtt" value="$(var mqtt)"/>
      <arg name="launch_can" value="$(var can)"/>
      <arg name="launch_vehicle" value="$(var vehicle)"/>
      <arg name="launch_map" value="$(var map)"/>
      <arg name="launch_sensing" value="$(var sensing)"/>
      <arg name="launch_localization" value="$(var localization)"/>
      <arg name="launch_perception" value="$(var perception)"/>
      <arg name="launch_planning" value="$(var planning)"/>
      <arg name="launch_control" value="$(var control)"/>
      <!-- Global parameters -->
      <arg name="use_sim_time" value="true"/>
      <!-- Pointcloud container -->
      <arg name="use_pointcloud_container" value="$(var use_pointcloud_container)"/>
      <arg name="pointcloud_container_name" value="$(var pointcloud_container_name)"/>
      <!-- Vehicle -->
      <arg name="vehicle_id" value="$(var vehicle_id)"/>
      <arg name="launch_vehicle_interface" value="$(var launch_vehicle_interface)"/>
      <!-- System -->
      <arg name="launch_system" value="$(var system)"/>
      <arg name="system_run_mode" value="logging_simulation"/>
      <arg name="launch_system_monitor" value="$(var launch_system_monitor)"/>
      <arg name="launch_dummy_diag_publisher" value="$(var launch_dummy_diag_publisher)"/>
      <!-- Map -->
      <arg name="lanelet2_map_file" value="$(var lanelet2_map_file)"/>
      <arg name="pointcloud_map_file" value="$(var pointcloud_map_file)"/>
      <!-- Sensing -->
      <arg name="launch_sensing_driver" value="false"/>
    </include>
  </group>
</launch>
