<?xml version="1.0"?>
<launch>
  <let name="loc_config_path" value="$(find-pkg-share autoware_erga_launch)/config/localization"/>
  <arg name="pose_source" default="ndt" description="select pose_estimator: ndt, yabloc, eagleye"/>
  <arg name="twist_source" default="gyro_odom" description="select twist_estimator. gyro_odom, eagleye"/>
  <arg name="input_pointcloud" default="/sensing/lidar/top/outlier_filtered/pointcloud" description="The topic will be used in the localization util module"/>

  <group>
    <include file="$(find-pkg-share erga_localization_launch)/launch/localization.launch.xml">
      <arg name="use_pointcloud_container" value="$(var use_pointcloud_container)"/>
      <arg name="pointcloud_container_name" value="$(var pointcloud_container_name)"/>
      <arg name="pose_source" value="$(var pose_source)"/>
      <arg name="twist_source" value="$(var twist_source)"/>
      <arg name="system_run_mode" value="$(var system_run_mode)"/>
      <arg name="input_pointcloud" value="$(var input_pointcloud)"/>

      <!-- parameter paths for common -->
      <arg name="crop_box_filter_measurement_range_param_path" value="$(var loc_config_path)/crop_box_filter_measurement_range.param.yaml"/>
      <arg name="voxel_grid_downsample_filter_param_path" value="$(var loc_config_path)/voxel_grid_filter.param.yaml"/>
      <arg name="random_downsample_filter_param_path" value="$(var loc_config_path)/random_downsample_filter.param.yaml"/>
      <arg name="localization_error_monitor_param_path" value="$(var loc_config_path)/localization_error_monitor.param.yaml"/>
      <arg name="ekf_localizer_param_path" value="$(var loc_config_path)/ekf_localizer.param.yaml"/>
      <arg name="pose_initializer_param_path" value="$(var loc_config_path)/pose_initializer.param.yaml"/>

      <!-- parameter paths for ndt -->
      <arg name="ndt_scan_matcher_param_path" value="$(var loc_config_path)/ndt_scan_matcher.param.yaml"/>

      <!-- parameter paths for yabloc -->
      <arg name="camera_pose_initializer_param_path" value="$(var loc_config_path)/yabloc/camera_pose_initializer.param.yaml"/>
      <arg name="camera_particle_corrector_param_path" value="$(var loc_config_path)/yabloc/camera_particle_corrector.param.yaml"/>
      <arg name="gnss_particle_corrector_param_path" value="$(var loc_config_path)/yabloc/gnss_particle_corrector.param.yaml"/>
      <arg name="predictor_param_path" value="$(var loc_config_path)/yabloc/predictor.param.yaml"/>
      <arg name="graph_segment_param_path" value="$(var loc_config_path)/yabloc/graph_segment.param.yaml"/>
      <arg name="segment_filter_param_path" value="$(var loc_config_path)/yabloc/segment_filter.param.yaml"/>
      <arg name="undistort_param_path" value="$(var loc_config_path)/yabloc/undistort.param.yaml"/>
      <arg name="ground_server_param_path" value="$(var loc_config_path)/yabloc/ground_server.param.yaml"/>
      <arg name="ll2_decomposer_param_path" value="$(var loc_config_path)/yabloc/ll2_decomposer.param.yaml"/>

      <!-- parameter paths for eagleye -->
      <arg name="eagleye_param_path" value="$(find-pkg-share autoware_erga_launch)/config/localization/eagleye_config.param.yaml"/>
    </include>
  </group>
</launch>
