<?xml version="1.0"?>
<launch>
  <!-- NOTE: optional parameters are written here -->
  <!-- behavior -->
  <arg name="use_experimental_lane_change_function" default="true"/>
  <!-- motion -->
  <arg name="cruise_planner_type" default="obstacle_stop_planner" description="options: obstacle_stop_planner, obstacle_cruise_planner, none"/>
  <arg name="use_surround_obstacle_check" default="true"/>
  <arg name="path_smoother_type" default="elastic_band" description="options: elastic_band, none"/>
  <arg name="velocity_smoother_type" default="JerkFiltered" description="options: JerkFiltered, L2, Analytical, Linf(Unstable)"/>

  <!-- variables -->
  <arg name="behavior_config_path" default="$(find-pkg-share autoware_erga_launch)/config/planning/scenario_planning/lane_driving/behavior_planning"/>
  <arg name="behavior_path_config_path" default="$(var behavior_config_path)/behavior_path_planner"/>
  <arg name="behavior_velocity_config_path" default="$(var behavior_config_path)/behavior_velocity_planner"/>
  <arg name="motion_config_path" default="$(find-pkg-share autoware_erga_launch)/config/planning/scenario_planning/lane_driving/motion_planning"/>
  <arg name="common_config_path" default="$(find-pkg-share autoware_erga_launch)/config/planning/scenario_planning/common"/>

  <include file="$(find-pkg-share erga_planning_launch)/launch/planning.launch.xml">
    <arg name="vehicle_param_file" value="$(find-pkg-share $(var vehicle_model)_description)/config/vehicle_info.param.yaml"/>
    <arg name="use_pointcloud_container" value="$(var use_pointcloud_container)"/>
    <arg name="pointcloud_container_name" value="$(var pointcloud_container_name)"/>

    <!-- common -->
    <arg name="common_param_path" value="$(var common_config_path)/common.param.yaml"/>
    <arg name="nearest_search_param_path" value="$(var common_config_path)/nearest_search.param.yaml"/>

    <!-- rtc -->
    <arg name="rtc_auto_mode_manager_param_path" value="$(var behavior_config_path)/rtc_auto_mode_manager/rtc_auto_mode_manager.param.yaml"/>

    <!-- mission planner -->
    <arg name="mission_planner_param_path" value="$(find-pkg-share autoware_erga_launch)/config/planning/mission_planning/mission_planner/mission_planner.param.yaml"/>

    <!-- behavior path planner -->
    <arg name="side_shift_param_path" value="$(var behavior_path_config_path)/side_shift/side_shift.param.yaml"/>
    <arg name="avoidance_param_path" value="$(var behavior_path_config_path)/avoidance/avoidance.param.yaml"/>
    <arg name="avoidance_by_lc_param_path" value="$(var behavior_path_config_path)/avoidance_by_lc/avoidance_by_lc.param.yaml"/>
    <arg name="dynamic_avoidance_param_path" value="$(var behavior_path_config_path)/dynamic_avoidance/dynamic_avoidance.param.yaml"/>
    <arg name="lane_change_param_path" value="$(var behavior_path_config_path)/lane_change/lane_change.param.yaml"/>
    <arg name="goal_planner_param_path" value="$(var behavior_path_config_path)/goal_planner/goal_planner.param.yaml"/>
    <arg name="start_planner_param_path" value="$(var behavior_path_config_path)/start_planner/start_planner.param.yaml"/>
    <arg name="drivable_area_expansion_param_path" value="$(var behavior_path_config_path)/drivable_area_expansion.param.yaml"/>
    <arg name="scene_module_manager_param_path" value="$(var behavior_path_config_path)/scene_module_manager.param.yaml"/>
    <arg name="behavior_path_planner_param_path" value="$(var behavior_path_config_path)/behavior_path_planner.param.yaml"/>

    <!-- behavior velocity planner -->
    <arg name="behavior_velocity_smoother_type_param_path" value="$(find-pkg-share autoware_erga_launch)/config/planning/scenario_planning/common/motion_velocity_smoother/Analytical.param.yaml"/>
    <arg name="behavior_velocity_planner_common_param_path" value="$(var behavior_velocity_config_path)/behavior_velocity_planner.param.yaml"/>
    <arg
      name="behavior_velocity_planner_module_param_paths"
      value="[$(var behavior_velocity_config_path)/blind_spot.param.yaml,
              $(var behavior_velocity_config_path)/crosswalk.param.yaml,
              $(var behavior_velocity_config_path)/walkway.param.yaml,
              $(var behavior_velocity_config_path)/detection_area.param.yaml,
              $(var behavior_velocity_config_path)/intersection.param.yaml,
              $(var behavior_velocity_config_path)/stop_line.param.yaml,
              $(var behavior_velocity_config_path)/traffic_light.param.yaml,
              $(var behavior_velocity_config_path)/virtual_traffic_light.param.yaml,
              $(var behavior_velocity_config_path)/occlusion_spot.param.yaml,
              $(var behavior_velocity_config_path)/no_stopping_area.param.yaml,
              $(var behavior_velocity_config_path)/run_out.param.yaml,
              $(var behavior_velocity_config_path)/speed_bump.param.yaml,
              $(var behavior_velocity_config_path)/out_of_lane.param.yaml,
              $(var behavior_velocity_config_path)/no_drivable_lane.param.yaml]"
    />

    <!-- parking -->
    <arg name="freespace_planner_param_path" value="$(find-pkg-share autoware_erga_launch)/config/planning/scenario_planning/parking/freespace_planner/freespace_planner.param.yaml"/>

    <!-- motion -->
    <arg name="elastic_band_smoother_param_path" value="$(var motion_config_path)/path_smoother/elastic_band_smoother.param.yaml"/>
    <arg name="obstacle_avoidance_planner_param_path" value="$(var motion_config_path)/obstacle_avoidance_planner/obstacle_avoidance_planner.param.yaml"/>
    <arg name="path_sampler_param_path" value="$(var motion_config_path)/path_sampler/path_sampler.param.yaml"/>
    <arg name="obstacle_velocity_limiter_param_path" value="$(var motion_config_path)/obstacle_velocity_limiter/obstacle_velocity_limiter.param.yaml"/>
    <arg name="surround_obstacle_checker_param_path" value="$(var motion_config_path)/surround_obstacle_checker/surround_obstacle_checker.param.yaml"/>
    <arg name="obstacle_stop_planner_param_path" value="$(var motion_config_path)/obstacle_stop_planner/obstacle_stop_planner.param.yaml"/>
    <arg name="obstacle_stop_planner_acc_param_path" value="$(var motion_config_path)/obstacle_stop_planner/adaptive_cruise_control.param.yaml"/>
    <arg name="obstacle_cruise_planner_param_path" value="$(var motion_config_path)/obstacle_cruise_planner/obstacle_cruise_planner.param.yaml"/>
    <arg name="cruise_planner_type" value="$(var cruise_planner_type)"/>
    <arg name="use_surround_obstacle_check" value="$(var use_surround_obstacle_check)"/>
    <arg name="use_experimental_lane_change_function" value="$(var use_experimental_lane_change_function)"/>
    <arg name="path_smoother_type" value="$(var path_smoother_type)"/>
    <arg name="velocity_smoother_type" value="$(var velocity_smoother_type)"/>

    <!-- motion velocity smoother -->
    <arg name="motion_velocity_smoother_param_path" value="$(var common_config_path)/motion_velocity_smoother/motion_velocity_smoother.param.yaml"/>
    <arg name="velocity_smoother_type_param_path" value="$(var common_config_path)/motion_velocity_smoother/$(var velocity_smoother_type).param.yaml"/>

    <!-- planning validator -->
    <arg name="planning_validator_param_path" value="$(var common_config_path)/planning_validator/planning_validator.param.yaml"/>
  </include>
</launch>
