<?xml version="1.0"?>
<launch>
  <include file="$(find-pkg-share rainbow_sensing_launch)/launch/sensing.launch.xml">
    <arg name="launch_driver" value="$(var launch_sensing_driver)"/>
    <arg name="sensor_model" value="$(var sensor_model)"/>
    <arg name="vehicle_param_file" value="$(find-pkg-share $(var vehicle_model)_description)/config/vehicle_info.param.yaml"/>
    <arg name="vehicle_mirror_param_file" value="$(find-pkg-share $(var vehicle_model)_description)/config/mirror.param.yaml"/>
    <arg name="use_pointcloud_container" value="$(var use_pointcloud_container)"/>
    <arg name="pointcloud_container_name" value="$(var pointcloud_container_name)"/>
  </include>
</launch>
