<launch>
  <!-- This launchfile should bring up a node that broadcasts a ros image
       transport on /webcam/image_raw -->

  <arg name="LEFT_DEV" default="/dev/video0"/>
  <arg name="RIGHT_DEV" default="/dev/video1"/>
  <!-- The GStreamer framerate needs to be an integral fraction -->
  <!-- Note: Minoru can't push full 640x480 at 30fps -->
  <arg name="WIDTH" default="320"/>
  <arg name="HEIGHT" default="240"/>
  <arg name="FPS" default="30/1"/>
  <arg name="BRIGHTNESS" default="0"/>
  <arg name="PUBLISH_FRAME" default="false"/>

  <!-- Construct the v4l2src format config -->
  <arg name="FORMAT" default="video/x-raw-rgb,width=$(var WIDTH),height=$(var HEIGHT),framerate=$(var FPS)"/>

  <group>
    <push-ros-namespace namespace="minoru"/>
    <node namespace="left" name="gscam_driver_v4l" pkg="gscam" exec="gscam_node" output="screen">
      <param name="camera_name" value="default"/>
      <param name="camera_info_url" value="package://gscam/examples/uncalibrated_parameters.ini"/>
      <param name="gscam_config" 
        value="v4l2src device=$(var LEFT_DEV) brightness=$(var BRIGHTNESS)  ! $(var FORMAT) ! videoconvert"/>
      <param name="frame_id" value="/minoru_left"/>
      <param name="sync_sink" value="true"/>
    </node>
    <node namespace="right" name="gscam_driver_v4l" pkg="gscam" exec="gscam_node" output="screen">
      <param name="camera_name" value="default"/>
      <param name="camera_info_url" value="package://gscam/examples/uncalibrated_parameters.ini"/>
      <param name="gscam_config"
        value="v4l2src device=$(var RIGHT_DEV) brightness=$(var BRIGHTNESS) ! $(var FORMAT) ! videoconvert"/>
      <param name="frame_id" value="/minoru_right"/>
      <param name="sync_sink" value="true"/>
    </node>
  </group>

  <node if="$(var PUBLISH_FRAME)" name="left_transform" pkg="tf2_ros" exec="static_transform_publisher" args="1 2 3 0 -3.141 0 /world /minoru_left"/>
  <node if="$(var PUBLISH_FRAME)" name="right_transform" pkg="tf2_ros" exec="static_transform_publisher" args="1 2 3 0 -3.141 0 /world /minoru_right"/>
</launch>
